['best'],['tournament'],['roulette']
1378.6075428571428,1378.6075428571428,1414.0234857142857
1414.3594857142857,1414.3594857142857,1414.3594857142857
