local_search-fox.jpg,gaussian-fox.jpg,EA-fox.jpg,local_search-monalisa_sqr.jpg,gaussian-monalisa_sqr.jpg,EA-monalisa_sqr.jpg,local_search-old_man.jpeg,gaussian-old_man.jpeg,EA-old_man.jpeg
1861.0575435435435,1839.3087507507507,1689.1503543543542,1997.429090909091,1998.2819049586776,1393.1646694214876,3395.9740128,3395.34552,3519.910384
1895.185123123123,1895.5816516516516,1733.979033033033,1644.1762438016528,1600.8042603305785,1354.9737314049587,3896.3347328,3893.8202848,3450.8164608
