local_search,gaussian,EA,local_search,gaussian,EA,local_search,gaussian,EA
1684.0446398659967,1425.3942378559464,1353.4830988274707,1872.514004474273,1660.3143475018642,1349.3673527218493,3661.6749422222224,3447.5704622222224,3147.825528888889
1937.6447068676716,1497.456365159129,1517.3782244556114,2227.6362639821027,1755.9705518269948,1438.2800596569723,3188.4656444444445,2814.2045777777776,3079.857306666667
