image,method,best_historical_fitness,avg_best_fitness,std_fitness,avg_time,p-value
fox.jpg,EA,194.7450418760469,205.3050284757119,5.396600864429278,144.7969821135203,0.9131114859442954
fox.jpg,local_search,167.12254606365158,185.9147420435511,11.121407509102132,348.6908217430115,0.4603965723494652
fox.jpg,gaussian,189.3914070351759,224.9282875488554,17.758653740973422,359.5250528971354,0.8799956397939868
monalisa_sqr.jpg,EA,128.088326873385,133.31601550387595,3.3700175715534417,212.29792798360188,0.32647624891826243
monalisa_sqr.jpg,local_search,148.04435400516795,165.66356847545222,8.011299123632998,460.6277984937032,0.5200178799236971
monalisa_sqr.jpg,gaussian,112.57571705426356,130.53346662360036,14.545468522330456,470.0931211153666,0.5635226806758571
old_man.jpeg,EA,593.9020711111111,607.1637632592592,8.868021361353504,326.687512254715,0.8294676981876595
old_man.jpeg,local_search,555.1271466666667,581.3794308148148,12.603027929500536,720.360377073288,0.46065387458214646
old_man.jpeg,gaussian,561.6417955555555,618.9125460740742,29.671091620937236,710.2753799756368,0.9711059909255659
