image,method,best_historical_fitness,avg_best_fitness,std_fitness,avg_time,p-value
fox.jpg,local_search,1861.0575435435435,1878.1213333333333,17.06378978978978,0.13114917278289795,0.9991595100193003
fox.jpg,gaussian,1839.3087507507507,1867.4452012012011,28.13645045045041,0.05485272407531738,0.9991595100193003
fox.jpg,EA,1689.1503543543542,1711.5646936936937,22.414339339339335,3.7744065523147583,0.9991595100193001
monalisa_sqr.jpg,local_search,1644.1762438016528,1820.8026673553718,176.62642355371906,0.1800175905227661,0.9991595100193003
monalisa_sqr.jpg,gaussian,1600.8042603305785,1799.5430826446282,198.73882231404957,0.09175407886505127,0.9991595100193003
monalisa_sqr.jpg,EA,1354.9737314049587,1374.0692004132231,19.095469008264445,3.5300605297088623,0.9991595100193004
old_man.jpeg,local_search,3395.9740128,3646.1543727999997,250.18036000000006,0.21392822265625,0.9991595100193003
old_man.jpeg,gaussian,3395.34552,3644.5829024,249.23738240000012,0.10870885848999023,0.9991595100193003
old_man.jpeg,EA,3450.8164608,3485.3634223999998,34.546961599999804,5.282873630523682,0.9991595100193
