method,best_historical_fitness,avg_best_fitness,std_fitness,p-value
local_search,8844856159.0,9346276173.5,501420014.5,0.0
gaussian,8844856159.0,9349810597.0,503202153.4976484,0.0
EA,8073816192.0,8971356390.666666,679599791.9244461,0.0
