image,method,best_historical_fitness,avg_best_fitness,std_fitness,avg_time,p-value
fox.jpg,local_search,1122.658126126126,1414.378675875876,191.8953835114737,62.05359431902568,0.3462570018482738
fox.jpg,gaussian,782.3005465465466,921.6819057057057,101.87056721135215,61.54051340421041,0.7395315738212846
fox.jpg,EA,943.9934354354355,1026.9279121121122,56.754373708848355,39.38614323933919,0.9192008077866227
monalisa_sqr.jpg,local_search,987.9006487603306,1277.3719637741049,215.25020662581565,76.48839056491852,0.23537915224012818
monalisa_sqr.jpg,gaussian,613.9933595041323,833.869588016529,102.04467288005353,76.18806767463684,0.996707157630093
monalisa_sqr.jpg,EA,725.7017685950414,825.7805713498623,40.446738145555344,51.840493353207904,0.339486465197258
old_man.jpeg,local_search,2811.2606528,3379.9151005866665,308.6396916975144,90.82008945941925,0.45558214764082705
old_man.jpeg,gaussian,2275.2140096,2559.7711427200006,215.43877580152235,90.76700689792634,0.49663983768090914
old_man.jpeg,EA,2402.1075744,2643.0112125866667,101.30055266664968,85.2848661104838,0.7863637970754378
