image,method,best_historical_fitness,avg_best_fitness,std_fitness,avg_time,p-value
fox.jpg,local_search,1039.0005045045045,1253.0212774774775,184.04758854056234,61.93627378145854,0.015968824564053574
fox.jpg,gaussian,664.5342642642643,766.1443839839839,75.20187890566977,61.398817682266234,0.05786797753912143
monalisa_sqr.jpg,local_search,863.7974090909091,1127.2815139118457,187.36922432776456,77.89612991809845,0.9334517081413832
monalisa_sqr.jpg,gaussian,515.0044710743801,565.0241290633609,34.072516124740574,79.55771323045094,0.6885142150305273
old_man.jpeg,local_search,2457.7515136,2804.929784533334,232.3914049738214,97.00881820519766,0.568913026722511
old_man.jpeg,gaussian,1912.0812736,2100.9058206933337,148.80721901817105,92.98634395599365,0.31861280307844775
