image,method,best_historical_fitness,avg_best_fitness,std_fitness,avg_time,p-value
fox.jpg,local_search,1684.0446398659967,1810.8446733668343,126.80003350083746,1.0546799898147583,0.9991595100193003
fox.jpg,gaussian,1425.3942378559464,1461.4253015075378,36.03106365159135,1.0257582664489746,0.9991595100193003
fox.jpg,EA,1353.4830988274707,1435.430661641541,81.94756281407035,2.652408480644226,0.9991595100193003
monalisa.jpg,local_search,1872.514004474273,2050.075134228188,177.56112975391488,1.1015552282333374,0.9991595100193003
monalisa.jpg,gaussian,1660.3143475018642,1708.1424496644295,47.8281021625653,1.0352319478988647,0.9991595100193003
monalisa.jpg,EA,1349.3673527218493,1393.8237061894108,44.456353467561485,2.801010251045227,0.9991595100193004
old_man.jpeg,local_search,3188.4656444444445,3425.070293333333,236.60464888888896,1.1479297876358032,0.9991595100193003
old_man.jpeg,gaussian,2814.2045777777776,3130.88752,316.68294222222244,1.0459580421447754,0.9991595100193003
old_man.jpeg,EA,3079.857306666667,3113.8414177777777,33.98411111111113,2.686815023422241,0.9991595100193
