image,method,best_historical_fitness,avg_best_fitness,std_fitness,avg_time,p-value
monalisa.jpg,local_search,2422096303.0,2445035047.0,22938744.0,0.3035181760787964,0.9991595100193003
monalisa.jpg,gaussian,2328550652.0,2375323477.5,46772825.5,0.12446701526641846,0.9991595100193004
monalisa.jpg,EA,2036890408.0,2120549360.5,83658952.5,5.388344883918762,0.9991595100193003
