tournament_size,best_historical_fitness,avg_best_fitness,std_fitness,avg_time,p-value
2,1277.845,1287.5923915343917,18.530150522584744,358.8380042950312,0.8725595847655063
3,1337.0260119047618,1295.0670641534393,21.61947755417531,368.72780572573345,0.986264768979361
