selection,best_historical_fitness,avg_best_fitness,std_fitness,avg_time,p-value
best,1414.3594857142857,1396.4835142857141,17.87597142857146,12.06407117843628,0.9991595100193
tournament,1414.3594857142857,1396.4835142857141,17.87597142857146,10.805029153823853,0.9991595100193
roulette,1414.3594857142857,1414.1914857142856,0.16800000000000637,11.159822940826416,0.9991595100192759
