CXPB,MUTPB,best_historical_fitness,avg_best_fitness,std_fitness,avg_time,p-value
0.8,0.01,1247.6158531746032,1280.5796878306876,17.19297128163534,420.9562393983205,0.9263725980845916
0.8,0.05,1197.1615277777778,1264.6742857142856,20.57978386929974,425.2694608052572,0.4759775647330652
0.8,0.1,1212.0995833333334,1261.7744775132278,15.693523095538966,431.6540753046672,0.9222178408287534
0.9,0.01,1241.9385317460317,1271.8908690476192,18.606082472790007,454.5639614423116,0.889964426287788
0.9,0.05,1203.5224206349203,1249.1255145502646,24.99896886168048,456.45494645436605,0.8485755269685868
0.9,0.1,1197.9369444444444,1242.5577321428573,22.95592382418755,458.2748058160146,0.7019937606908628
