CXPB,MUTPB,best_historical_fitness,avg_best_fitness,std_fitness,avg_time,p-value
0.8,0.01,1255.7520238095237,1280.5796878306876,17.19297128163534,441.9562393983205,0.9263725980845917
0.8,0.05,1236.3769047619048,1264.6742857142856,20.57978386929974,425.26946080525715,0.4759775647330652
0.8,0.1,1236.7613492063492,1261.7744775132278,15.693523095538966,431.6540753046672,0.9222178408287534
0.9,0.01,1247.8086706349206,1271.8908690476192,18.606082472790007,454.5639614423116,0.889964426287788
0.9,0.05,1243.522003968254,1249.1255145502646,24.99896886168048,466.45494645436605,0.8485755269685868
0.9,0.1,1241.1382738095238,1242.5577321428573,22.95592382418755,458.27480581601463,0.7019937606908628
