CPU,time,speedup,efficiency
1,5.150329828262329,1.0,1.0
2,4.554685354232788,1.1307762068516969,0.5653881034258484
